{
  "id": "17988ba9-49a2-4bce-9116-8c8dbc5b4b93",
  "revision": 0,
  "last_node_id": 117,
  "last_link_id": 186,
  "nodes": [
    {
      "id": 116,
      "type": "Y7Nodes_CLIP_TokenCounter",
      "pos": [
        251.2105712890625,
        490.74639892578125
      ],
      "size": [
        650,
        380
      ],
      "flags": {},
      "order": 1,
      "mode": 0,
      "inputs": [
        {
          "name": "text_in",
          "shape": 7,
          "type": "STRING",
          "widget": {
            "name": "text_in"
          },
          "link": 185
        }
      ],
      "outputs": [
        {
          "name": "text_out",
          "type": "STRING",
          "links": null
        }
      ],
      "properties": {
        "cnr_id": "comfyui-y7nodes",
        "ver": "c9a15dd29314f5885f8e6e7f6cc43c2671872bda",
        "Node name for S&R": "Y7Nodes_CLIP_TokenCounter",
        "show_tokens_index": 2,
        "tokens_per_line_index": 3
      },
      "widgets_values": [
        "",
        "Token Count: 179 / 77: >>102 over limit<<\n\nLast Token: \"filtering</w> | \"...foliage, and patches of sunbeams filtering\"\n\nTokens (Truncated - Showing first 77)\n==========================================\n[ 0] <|startoftext|>[ 1] in</w>         [ 2] a</w>          [ 3] serene</w>     \n[ 4] forest</w>     [ 5] setting</w>    [ 6] ,</w>          [ 7] a</w>          \n[ 8] giant</w>      [ 9] mouse</w>      [10] with</w>       [11] large</w>      \n[12] ,</w>          [13] pink</w>       [14] eyes</w>       [15] and</w>        \n[16] enormous</w>   [17] ,</w>          [18] oversized</w>  [19] ears</w>       \n[20] sits</w>       [21] grace          [22] fully</w>      [23] on</w>         \n[24] a</w>          [25] moss</w>       [26] -</w>          [27] covered</w>    \n[28] log</w>        [29] .</w>          [30] he</w>         [31] wears</w>      \n[32] a</w>          [33] little</w>     [34] red</w>        [35] cape</w>       \n[36] with</w>       [37] gold</w>       [38] embroidery</w> [39] ,</w>          \n[40] a</w>          [41] tiny</w>       [42] top</w>        [43] hat</w>        \n[44] adorned</w>    [45] with</w>       [46] pearls</w>     [47] ,</w>          \n[48] and</w>        [49] a</w>          [50] gold</w>       [51] watch</w>      \n[52] chain</w>      [53] around</w>     [54] his</w>        [55] tiny</w>       \n[56] waist</w>      [57] .</w>          [58] the</w>        [59] forest</w>     \n[60] is</w>         [61] filled</w>     [62] with</w>       [63] towering</w>   \n[64] trees</w>      [65] ,</w>          [66] lush</w>       [67] green</w>      \n[68] foliage</w>    [69] ,</w>          [70] and</w>        [71] patches</w>    \n[72] of</w>         [73] sun            [74] beams</w>      [75] filtering</w>  \n[76] <|endoftext|>  \n\nOverflow Tokens\n=========================\nNote: The final token in the truncated output above is the EOS token.\nHowever, in the overflow output, the token at the same index position [76]\nis an actual text token — and would've appeared in the main sequence\nif truncation (and EOS insertion) hadn't occurred.\n\n[ 76] through</w>    [ 77] ,</w>          [ 78] casting</w>    [ 79] gentle</w>     \n[ 80] shadows</w>    [ 81] .</w>          [ 82] the</w>        [ 83] lighting</w>   \n[ 84] is</w>         [ 85] soft</w>       [ 86] and</w>        [ 87] warm</w>       \n[ 88] ,</w>          [ 89] with</w>       [ 90] occasional</w> [ 91] bursts</w>     \n[ 92] of</w>         [ 93] sunlight</w>   [ 94] creating</w>   [ 95] a</w>          \n[ 96] magical</w>    [ 97] ,</w>          [ 98] whimsical</w>  [ 99] atmosphere</w> \n[100] .</w>          [101] the</w>        [102] color</w>      [103] palette</w>    \n[104] consists</w>   [105] of</w>         [106] rich</w>       [107] autumnal</w>   \n[108] colors</w>     [109] -</w>          [110] reds</w>       [111] ,</w>          \n[112] oranges</w>    [113] ,</w>          [114] and</w>        [115] yel            \n[116] lows</w>       [117] -</w>          [118] as</w>         [119] well</w>       \n[120] as</w>         [121] the</w>        [122] contrasting</w>[123] cool</w>       \n[124] and</w>        [125] yel            [126] lows</w>       [127] greens</w>     \n[128] of</w>         [129] the</w>        [130] forest</w>     [131] .</w>          \n[132] the</w>        [133] composition</w>[134] includes</w>   [135] the</w>        \n[136] mouse</w>      [137] as</w>         [138] the</w>        [139] focal</w>      \n[140] point</w>      [141] in</w>         [142] the</w>        [143] foreground</w> \n[144] ,</w>          [145] the</w>        [146] lush</w>       [147] forest</w>     \n[148] scene</w>      [149] in</w>         [150] the</w>        [151] middle</w>     \n[152] ground</w>     [153] ,</w>          [154] and</w>        [155] a</w>          \n[156] far</w>        [157] -</w>          [158] off</w>        [159] village</w>    \n[160] in</w>         [161] the</w>        [162] background</w> [163] ,</w>          \n[164] hin            [165] ting</w>       [166] at</w>         [167] a</w>          \n[168] larger</w>     [169] world</w>      [170] .</w>          [171] the</w>        \n[172] mood</w>       [173] is</w>         [174] enchanting</w> [175] and</w>        \n[176] playful</w>    [177] .</w>          [178] <|endoftext|>  ",
        true,
        "4",
        "12",
        null
      ]
    },
    {
      "id": 114,
      "type": "Y7Nodes_Text",
      "pos": [
        -243.21478271484375,
        339.613525390625
      ],
      "size": [
        441.0343322753906,
        242.98590087890625
      ],
      "flags": {},
      "order": 0,
      "mode": 0,
      "inputs": [],
      "outputs": [
        {
          "name": "text_out",
          "type": "STRING",
          "links": [
            185,
            186
          ]
        }
      ],
      "properties": {
        "cnr_id": "comfyui-y7nodes",
        "ver": "c9a15dd29314f5885f8e6e7f6cc43c2671872bda",
        "Node name for S&R": "Y7Nodes_Text"
      },
      "widgets_values": [
        "In a serene forest setting, a giant mouse with large, pink eyes and enormous, oversized ears sits gracefully on a moss-covered log. He wears a little red cape with gold embroidery, a tiny top hat adorned with pearls, and a gold watch chain around his tiny waist. The forest is filled with towering trees, lush green foliage, and patches of sunbeams filtering through, casting gentle shadows. The lighting is soft and warm, with occasional bursts of sunlight creating a magical, whimsical atmosphere. The color palette consists of rich autumnal colors - reds, oranges, and yellows - as well as the contrasting cool and yellows greens of the forest. The composition includes the mouse as the focal point in the foreground, the lush forest scene in the middle ground, and a far-off village in the background, hinting at a\nlarger world. The mood is enchanting and playful.",
        null
      ]
    },
    {
      "id": 115,
      "type": "Y7Nodes_T5_TokenCounter",
      "pos": [
        251.9218292236328,
        26.572805404663086
      ],
      "size": [
        650,
        420
      ],
      "flags": {},
      "order": 2,
      "mode": 0,
      "inputs": [
        {
          "name": "text_in",
          "shape": 7,
          "type": "STRING",
          "widget": {
            "name": "text_in"
          },
          "link": 186
        }
      ],
      "outputs": [
        {
          "name": "text_out",
          "type": "STRING",
          "links": null
        }
      ],
      "properties": {
        "cnr_id": "comfyui-y7nodes",
        "ver": "c9a15dd29314f5885f8e6e7f6cc43c2671872bda",
        "Node name for S&R": "Y7Nodes_T5_TokenCounter",
        "token_limit_index": 2,
        "show_tokens_index": 3,
        "tokens_per_line_index": 4
      },
      "widgets_values": [
        "",
        "Token Count: 215 / 512\n\nTokens\n==========================================\n[  0] ▁In         [  1] ▁           [  2] a           [  3] ▁serene     \n[  4] ▁forest     [  5] ▁setting    [  6] ,           [  7] ▁           \n[  8] a           [  9] ▁giant      [ 10] ▁mouse      [ 11] ▁with       \n[ 12] ▁large      [ 13] ,           [ 14] ▁pink       [ 15] ▁eyes       \n[ 16] ▁and        [ 17] ▁enormous   [ 18] ,           [ 19] ▁           \n[ 20] oversized   [ 21] ▁ears       [ 22] ▁sit        [ 23] s           \n[ 24] ▁graceful   [ 25] ly          [ 26] ▁on         [ 27] ▁           \n[ 28] a           [ 29] ▁           [ 30] mos         [ 31] s           \n[ 32] -           [ 33] covered     [ 34] ▁log        [ 35] .           \n[ 36] ▁He         [ 37] ▁wear       [ 38] s           [ 39] ▁           \n[ 40] a           [ 41] ▁little     [ 42] ▁red        [ 43] ▁cap        \n[ 44] e           [ 45] ▁with       [ 46] ▁gold       [ 47] ▁embroidery \n[ 48] ,           [ 49] ▁           [ 50] a           [ 51] ▁tiny       \n[ 52] ▁top        [ 53] ▁           [ 54] hat         [ 55] ▁           \n[ 56] adorned     [ 57] ▁with       [ 58] ▁pearl      [ 59] s           \n[ 60] ,           [ 61] ▁and        [ 62] ▁           [ 63] a           \n[ 64] ▁gold       [ 65] ▁watch      [ 66] ▁chain      [ 67] ▁around     \n[ 68] ▁his        [ 69] ▁tiny       [ 70] ▁waist      [ 71] .           \n[ 72] ▁The        [ 73] ▁forest     [ 74] ▁is         [ 75] ▁filled     \n[ 76] ▁with       [ 77] ▁tower      [ 78] ing         [ 79] ▁trees      \n[ 80] ,           [ 81] ▁lush       [ 82] ▁green      [ 83] ▁foliage    \n[ 84] ,           [ 85] ▁and        [ 86] ▁patches    [ 87] ▁of         \n[ 88] ▁sun        [ 89] be          [ 90] am          [ 91] s           \n[ 92] ▁filter     [ 93] ing         [ 94] ▁through    [ 95] ,           \n[ 96] ▁casting    [ 97] ▁gentle     [ 98] ▁shadow     [ 99] s           \n[100] .           [101] ▁The        [102] ▁lighting   [103] ▁is         \n[104] ▁soft       [105] ▁and        [106] ▁warm       [107] ,           \n[108] ▁with       [109] ▁occasional [110] ▁bur        [111] s           \n[112] t           [113] s           [114] ▁of         [115] ▁sunlight   \n[116] ▁creating   [117] ▁           [118] a           [119] ▁magical    \n[120] ,           [121] ▁whimsical  [122] ▁atmosphere [123] .           \n[124] ▁The        [125] ▁color      [126] ▁palette    [127] ▁           \n[128] consists    [129] ▁of         [130] ▁rich       [131] ▁autumn     \n[132] al          [133] ▁colors     [134] ▁           [135] -           \n[136] ▁red        [137] s           [138] ,           [139] ▁orange     \n[140] s           [141] ,           [142] ▁and        [143] ▁yellow     \n[144] s           [145] ▁           [146] -           [147] ▁as         \n[148] ▁well       [149] ▁as         [150] ▁the        [151] ▁           \n[152] contrasting [153] ▁cool       [154] ▁and        [155] ▁yellow     \n[156] s           [157] ▁green      [158] s           [159] ▁of         \n[160] ▁the        [161] ▁forest     [162] .           [163] ▁The        \n[164] ▁composition[165] ▁includes   [166] ▁the        [167] ▁mouse      \n[168] ▁as         [169] ▁the        [170] ▁focal      [171] ▁point      \n[172] ▁in         [173] ▁the        [174] ▁for        [175] e           \n[176] ground      [177] ,           [178] ▁the        [179] ▁lush       \n[180] ▁forest     [181] ▁scene      [182] ▁in         [183] ▁the        \n[184] ▁middle     [185] ▁ground     [186] ,           [187] ▁and        \n[188] ▁           [189] a           [190] ▁far        [191] -           \n[192] off         [193] ▁village    [194] ▁in         [195] ▁the        \n[196] ▁background [197] ,           [198] ▁hint       [199] ing         \n[200] ▁at         [201] ▁           [202] a           [203] ▁larger     \n[204] ▁world      [205] .           [206] ▁The        [207] ▁mood       \n[208] ▁is         [209] ▁           [210] enchanting  [211] ▁and        \n[212] ▁playful    [213] .           [214] </s>        \n",
        "512",
        true,
        "4",
        "12",
        null
      ]
    }
  ],
  "links": [
    [
      185,
      114,
      0,
      116,
      0,
      "STRING"
    ],
    [
      186,
      114,
      0,
      115,
      0,
      "STRING"
    ]
  ],
  "groups": [],
  "config": {},
  "extra": {
    "ds": {
      "scale": 1,
      "offset": [
        483.3516828936107,
        40.26938099940293
      ]
    },
    "VHS_latentpreview": false,
    "VHS_latentpreviewrate": 0,
    "VHS_MetadataImage": true,
    "VHS_KeepIntermediate": true
  },
  "version": 0.4
}